,originalLocation,x,y,z
0,A-14-11,3.6799999999999997,0.0,1
1,A-14-12,3.5200000000000005,0.0,1
2,A-14-13,3.3600000000000003,0.0,1
3,A-16-11,31.8,0.0,1
4,A-16-12,30.2,0.0,1
5,A-16-13,28.6,0.0,1
6,A-18-11,26.8,0.0,1
7,A-18-12,25.2,0.0,1
8,A-18-13,23.6,0.0,1
9,A-20-11,21.8,0.0,1
10,A-20-12,20.2,0.0,1
11,A-20-13,18.6,0.0,1
12,A-22-11,16.8,0.0,1
13,A-22-12,15.2,0.0,1
14,A-22-13,13.6,0.0,1
15,A-24-11,11.8,0.0,1
16,A-24-12,10.2,0.0,1
17,A-24-13,8.6,0.0,1
18,B-13-11,36.8,3.2,1
19,B-13-12,35.2,3.2,1
20,B-13-13,33.6,3.2,1
21,B-14-11,36.8,9.0,1
22,B-14-12,35.2,9.0,1
23,B-14-13,33.6,9.0,1
24,B-15-11,31.8,3.2,1
25,B-15-12,30.2,3.2,1
26,B-15-13,28.6,3.2,1
27,B-16-11,31.8,9.0,1
28,B-16-12,30.2,9.0,1
29,B-16-13,28.6,9.0,1
30,B-17-11,26.8,3.2,1
31,B-17-12,25.2,3.2,1
32,B-17-13,23.6,3.2,1
33,B-18-11,26.8,9.0,1
34,B-18-12,25.2,9.0,1
35,B-18-13,23.6,9.0,1
36,B-19-11,21.8,3.2,1
37,B-19-12,20.2,3.2,1
38,B-19-13,18.6,3.2,1
39,B-20-11,21.8,9.0,1
40,B-20-12,20.2,9.0,1
41,B-20-13,18.6,9.0,1
42,B-21-11,16.8,3.2,1
43,B-21-12,15.2,3.2,1
44,B-21-13,13.6,3.2,1
45,B-22-11,16.8,9.0,1
46,B-22-12,15.2,9.0,1
47,B-22-13,13.6,9.0,1
48,B-23-11,11.8,3.2,1
49,B-23-12,10.2,3.2,1
50,B-23-13,8.6,3.2,1
51,B-24-11,11.8,9.0,1
52,B-24-12,10.2,9.0,1
53,B-24-13,8.6,9.0,1
54,C-13-11,36.8,12.2,1
55,C-13-12,35.2,12.2,1
56,C-13-13,33.6,12.2,1
57,C-14-11,36.8,18.0,1
58,C-14-12,35.2,18.0,1
59,C-14-13,33.6,18.0,1
60,C-15-11,31.8,12.2,1
61,C-15-12,30.2,12.2,1
62,C-15-13,28.6,12.2,1
63,C-16-11,31.8,18.0,1
64,C-16-12,30.2,18.0,1
65,C-16-13,28.6,18.0,1
66,C-17-11,26.8,12.2,1
67,C-17-12,25.2,12.2,1
68,C-17-13,23.6,12.2,1
69,C-18-11,26.8,18.0,1
70,C-18-12,25.2,18.0,1
71,C-18-13,23.6,18.0,1
72,C-19-11,21.8,12.2,1
73,C-19-12,20.2,12.2,1
74,C-19-13,18.6,12.2,1
75,C-20-11,21.8,18.0,1
76,C-20-12,20.2,18.0,1
77,C-20-13,18.6,18.0,1
78,C-21-11,16.8,12.2,1
79,C-21-12,15.2,12.2,1
80,C-21-13,13.6,12.2,1
81,C-22-11,16.8,18.0,1
82,C-22-12,15.2,18.0,1
83,C-22-13,13.6,18.0,1
84,C-23-11,11.8,12.2,1
85,C-23-12,10.2,12.2,1
86,C-23-13,8.6,12.2,1
87,C-24-11,11.8,18.0,1
88,C-24-12,10.2,18.0,1
89,C-24-13,8.6,18.0,1
90,D-13-11,36.8,21.2,1
91,D-13-12,35.2,21.2,1
92,D-13-13,33.6,21.2,1
93,D-14-11,36.8,27.0,1
94,D-14-12,35.2,27.0,1
95,D-14-13,33.6,27.0,1
96,D-15-11,31.8,21.2,1
97,D-15-12,30.2,21.2,1
98,D-15-13,28.6,21.2,1
99,D-16-11,31.8,27.0,1
100,D-16-12,30.2,27.0,1
101,D-16-13,28.6,27.0,1
102,D-17-11,26.8,21.2,1
103,D-17-12,25.2,21.2,1
104,D-17-13,23.6,21.2,1
105,D-18-11,26.8,27.0,1
106,D-18-12,25.2,27.0,1
107,D-18-13,23.6,27.0,1
108,D-19-11,21.8,21.2,1
109,D-19-12,20.2,21.2,1
110,D-19-13,18.6,21.2,1
111,D-20-11,21.8,27.0,1
112,D-20-12,20.2,27.0,1
113,D-20-13,18.6,27.0,1
114,D-21-11,16.8,21.2,1
115,D-21-12,15.2,21.2,1
116,D-21-13,13.6,21.2,1
117,D-22-11,16.8,27.0,1
118,D-22-12,15.2,27.0,1
119,D-22-13,13.6,27.0,1
120,D-23-11,11.8,21.2,1
121,D-23-12,10.2,21.2,1
122,D-23-13,8.6,21.2,1
123,D-24-11,11.8,27.0,1
124,D-24-12,10.2,27.0,1
125,D-24-13,8.6,27.0,1
126,E-13-11,36.8,30.2,1
127,E-13-12,35.2,30.2,1
128,E-13-13,33.6,30.2,1
129,E-14-11,36.8,36.0,1
130,E-14-12,35.2,36.0,1
131,E-14-13,33.6,36.0,1
132,E-15-11,31.8,30.2,1
133,E-15-12,30.2,30.2,1
134,E-15-13,28.6,30.2,1
135,E-16-11,31.8,36.0,1
136,E-16-12,30.2,36.0,1
137,E-16-13,28.6,36.0,1
138,E-17-11,26.8,30.2,1
139,E-17-12,25.2,30.2,1
140,E-17-13,23.6,30.2,1
141,E-18-11,26.8,36.0,1
142,E-18-12,25.2,36.0,1
143,E-18-13,23.6,36.0,1
144,E-19-11,21.8,30.2,1
145,E-19-12,20.2,30.2,1
146,E-19-13,18.6,30.2,1
147,E-20-11,21.8,36.0,1
148,E-20-12,20.2,36.0,1
149,E-20-13,18.6,36.0,1
150,E-21-11,16.8,30.2,1
151,E-21-12,15.2,30.2,1
152,E-21-13,13.6,30.2,1
153,E-22-11,16.8,36.0,1
154,E-22-12,15.2,36.0,1
155,E-22-13,13.6,36.0,1
156,E-23-11,11.8,30.2,1
157,E-23-12,10.2,30.2,1
158,E-23-13,8.6,30.2,1
159,E-24-11,11.8,36.0,1
160,E-24-12,10.2,36.0,1
161,E-24-13,8.6,36.0,1
162,F-13-11,36.8,39.2,1
163,F-13-12,35.2,39.2,1
164,F-13-13,33.6,39.2,1
165,F-14-11,36.8,45.0,1
166,F-14-12,35.2,45.0,1
167,F-14-13,33.6,45.0,1
168,F-15-11,31.8,39.2,1
169,F-15-12,30.2,39.2,1
170,F-15-13,28.6,39.2,1
171,F-16-11,31.8,45.0,1
172,F-16-12,30.2,45.0,1
173,F-16-13,28.6,45.0,1
174,F-17-11,26.8,39.2,1
175,F-17-12,25.2,39.2,1
176,F-17-13,23.6,39.2,1
177,F-18-11,26.8,45.0,1
178,F-18-12,25.2,45.0,1
179,F-18-13,23.6,45.0,1
180,F-19-11,21.8,39.2,1
181,F-19-12,20.2,39.2,1
182,F-19-13,18.6,39.2,1
183,F-20-11,21.8,45.0,1
184,F-20-12,20.2,45.0,1
185,F-20-13,18.6,45.0,1
186,F-21-11,16.8,39.2,1
187,F-21-12,15.2,39.2,1
188,F-21-13,13.6,39.2,1
189,F-22-11,16.8,45.0,1
190,F-22-12,15.2,45.0,1
191,F-22-13,13.6,45.0,1
192,F-23-11,11.8,39.2,1
193,F-23-12,10.2,39.2,1
194,F-23-13,8.6,39.2,1
195,F-24-11,11.8,45.0,1
196,F-24-12,10.2,45.0,1
197,F-24-13,8.6,45.0,1
198,G-13-11,36.8,48.2,1
199,G-13-12,35.2,48.2,1
200,G-13-13,33.6,48.2,1
201,G-15-11,31.8,48.2,1
202,G-15-12,30.2,48.2,1
203,G-15-13,28.6,48.2,1
204,G-17-11,26.8,48.2,1
205,G-17-12,25.2,48.2,1
206,G-17-13,23.6,48.2,1
207,G-19-11,21.8,48.2,1
208,G-19-12,20.2,48.2,1
209,G-19-13,18.6,48.2,1
210,G-21-11,16.8,48.2,1
211,G-21-12,15.2,48.2,1
212,G-21-13,13.6,48.2,1
213,G-23-11,11.8,48.2,1
214,G-23-12,10.2,48.2,1
215,G-23-13,8.6,48.2,1
216,H-02-11,66.6,68.8,1
217,H-02-12,65.0,68.8,1
218,H-02-13,63.4,68.8,1
219,H-04-11,61.6,68.8,1
220,H-04-12,60.0,68.8,1
221,H-04-13,58.4,68.8,1
222,H-06-11,56.6,68.8,1
223,H-06-12,55.0,68.8,1
224,H-06-13,53.4,68.8,1
225,H-08-11,51.6,68.8,1
226,H-08-12,50.0,68.8,1
227,H-08-13,48.4,68.8,1
228,H-10-11,46.6,68.8,1
229,H-10-12,45.0,68.8,1
230,H-10-13,43.4,68.8,1
231,H-14-11,36.8,54.0,1
232,H-14-12,35.2,54.0,1
233,H-14-13,33.6,54.0,1
234,H-16-11,31.8,54.0,1
235,H-16-12,30.2,54.0,1
236,H-16-13,28.6,54.0,1
237,H-18-11,26.8,54.0,1
238,H-18-12,25.2,54.0,1
239,H-18-13,23.6,54.0,1
240,H-20-11,21.8,54.0,1
241,H-20-12,20.2,54.0,1
242,H-20-13,18.6,54.0,1
243,H-22-11,16.8,54.0,1
244,H-22-12,15.2,54.0,1
245,H-22-13,13.6,54.0,1
246,H-24-11,11.8,54.0,1
247,H-24-12,10.2,54.0,1
248,H-24-13,8.6,54.0,1
249,I-01-11,66.6,72.0,1
250,I-01-12,65.0,72.0,1
251,I-01-13,63.4,72.0,1
252,I-02-11,66.6,77.8,1
253,I-02-12,65.0,77.8,1
254,I-02-13,63.4,77.8,1
255,I-03-11,61.6,72.0,1
256,I-03-12,60.0,72.0,1
257,I-03-13,58.4,72.0,1
258,I-04-11,61.6,77.8,1
259,I-04-12,60.0,77.8,1
260,I-04-13,58.4,77.8,1
261,I-05-11,56.6,72.0,1
262,I-05-12,55.0,72.0,1
263,I-05-13,53.4,72.0,1
264,I-06-11,56.6,77.8,1
265,I-06-12,55.0,77.8,1
266,I-06-13,53.4,77.8,1
267,I-07-11,51.6,72.0,1
268,I-07-12,50.0,72.0,1
269,I-07-13,48.4,72.0,1
270,I-08-11,51.6,77.8,1
271,I-08-12,50.0,77.8,1
272,I-08-13,48.4,77.8,1
273,I-09-11,46.6,72.0,1
274,I-09-12,45.0,72.0,1
275,I-09-13,43.4,72.0,1
276,I-10-11,46.6,77.8,1
277,I-10-12,45.0,77.8,1
278,I-10-13,43.4,77.8,1
279,I-13-11,36.8,57.2,1
280,I-13-12,35.2,57.2,1
281,I-13-13,33.6,57.2,1
282,I-14-11,36.8,68.8,1
283,I-14-12,35.2,68.8,1
284,I-14-13,33.6,68.8,1
285,I-15-11,31.8,57.2,1
286,I-15-12,30.2,57.2,1
287,I-15-13,28.6,57.2,1
288,I-16-11,31.8,68.8,1
289,I-16-12,30.2,68.8,1
290,I-16-13,28.6,68.8,1
291,I-17-11,26.8,57.2,1
292,I-17-12,25.2,57.2,1
293,I-17-13,23.6,57.2,1
294,I-18-11,26.8,68.8,1
295,I-18-12,25.2,68.8,1
296,I-18-13,23.6,68.8,1
297,I-19-11,21.8,57.2,1
298,I-19-12,20.2,57.2,1
299,I-19-13,18.6,57.2,1
300,I-20-11,21.8,68.8,1
301,I-20-12,20.2,68.8,1
302,I-20-13,18.6,68.8,1
303,I-21-11,16.8,57.2,1
304,I-21-12,15.2,57.2,1
305,I-21-13,13.6,57.2,1
306,I-22-11,16.8,68.8,1
307,I-22-12,15.2,68.8,1
308,I-22-13,13.6,68.8,1
309,I-23-11,11.8,57.2,1
310,I-23-12,10.2,57.2,1
311,I-23-13,8.6,57.2,1
312,I-24-11,11.8,68.8,1
313,I-24-12,10.2,68.8,1
314,I-24-13,8.6,68.8,1
315,J-01-11,66.6,81.0,1
316,J-01-12,65.0,81.0,1
317,J-01-13,63.4,81.0,1
318,J-02-11,66.6,86.8,1
319,J-02-12,65.0,86.8,1
320,J-02-13,63.4,86.8,1
321,J-03-11,61.6,81.0,1
322,J-03-12,60.0,81.0,1
323,J-03-13,58.4,81.0,1
324,J-04-11,61.6,86.8,1
325,J-04-12,60.0,86.8,1
326,J-04-13,58.4,86.8,1
327,J-05-11,56.6,81.0,1
328,J-05-12,55.0,81.0,1
329,J-05-13,53.4,81.0,1
330,J-06-11,56.6,86.8,1
331,J-06-12,55.0,86.8,1
332,J-06-13,53.4,86.8,1
333,J-07-11,51.6,81.0,1
334,J-07-12,50.0,81.0,1
335,J-07-13,48.4,81.0,1
336,J-08-11,51.6,86.8,1
337,J-08-12,50.0,86.8,1
338,J-08-13,48.4,86.8,1
339,J-09-11,46.6,81.0,1
340,J-09-12,45.0,81.0,1
341,J-09-13,43.4,81.0,1
342,J-10-11,46.6,86.8,1
343,J-10-12,45.0,86.8,1
344,J-10-13,43.4,86.8,1
345,J-13-11,36.8,72.0,1
346,J-13-12,35.2,72.0,1
347,J-13-13,33.6,72.0,1
348,J-14-11,36.8,77.8,1
349,J-14-12,35.2,77.8,1
350,J-14-13,33.6,77.8,1
351,J-15-11,31.8,72.0,1
352,J-15-12,30.2,72.0,1
353,J-15-13,28.6,72.0,1
354,J-16-11,31.8,77.8,1
355,J-16-12,30.2,77.8,1
356,J-16-13,28.6,77.8,1
357,J-17-11,26.8,72.0,1
358,J-17-12,25.2,72.0,1
359,J-17-13,23.6,72.0,1
360,J-18-11,26.8,77.8,1
361,J-18-12,25.2,77.8,1
362,J-18-13,23.6,77.8,1
363,J-19-11,21.8,72.0,1
364,J-19-12,20.2,72.0,1
365,J-19-13,18.6,72.0,1
366,J-20-11,21.8,77.8,1
367,J-20-12,20.2,77.8,1
368,J-20-13,18.6,77.8,1
369,J-21-11,16.8,72.0,1
370,J-21-12,15.2,72.0,1
371,J-21-13,13.6,72.0,1
372,J-22-11,16.8,77.8,1
373,J-22-12,15.2,77.8,1
374,J-22-13,13.6,77.8,1
375,J-23-11,11.8,72.0,1
376,J-23-12,10.2,72.0,1
377,J-23-13,8.6,72.0,1
378,J-24-11,11.8,77.8,1
379,J-24-12,10.2,77.8,1
380,J-24-13,8.6,77.8,1
381,K-01-11,66.6,90.0,1
382,K-01-12,65.0,90.0,1
383,K-01-13,63.4,90.0,1
384,K-02-11,66.6,95.8,1
385,K-02-12,65.0,95.8,1
386,K-02-13,63.4,95.8,1
387,K-03-11,61.6,90.0,1
388,K-03-12,60.0,90.0,1
389,K-03-13,58.4,90.0,1
390,K-04-11,61.6,95.8,1
391,K-04-12,60.0,95.8,1
392,K-04-13,58.4,95.8,1
393,K-05-11,56.6,90.0,1
394,K-05-12,55.0,90.0,1
395,K-05-13,53.4,90.0,1
396,K-06-11,56.6,95.8,1
397,K-06-12,55.0,95.8,1
398,K-06-13,53.4,95.8,1
399,K-07-11,51.6,90.0,1
400,K-07-12,50.0,90.0,1
401,K-07-13,48.4,90.0,1
402,K-08-11,51.6,95.8,1
403,K-08-12,50.0,95.8,1
404,K-08-13,48.4,95.8,1
405,K-09-11,46.6,90.0,1
406,K-09-12,45.0,90.0,1
407,K-09-13,43.4,90.0,1
408,K-10-11,46.6,95.8,1
409,K-10-12,45.0,95.8,1
410,K-10-13,43.4,95.8,1
411,K-13-11,36.8,81.0,1
412,K-13-12,35.2,81.0,1
413,K-13-13,33.6,81.0,1
414,K-14-11,36.8,86.8,1
415,K-14-12,35.2,86.8,1
416,K-14-13,33.6,86.8,1
417,K-15-11,31.8,81.0,1
418,K-15-12,30.2,81.0,1
419,K-15-13,28.6,81.0,1
420,K-16-11,31.8,86.8,1
421,K-16-12,30.2,86.8,1
422,K-16-13,28.6,86.8,1
423,K-17-11,26.8,81.0,1
424,K-17-12,25.2,81.0,1
425,K-17-13,23.6,81.0,1
426,K-18-11,26.8,86.8,1
427,K-18-12,25.2,86.8,1
428,K-18-13,23.6,86.8,1
429,K-19-11,21.8,81.0,1
430,K-19-12,20.2,81.0,1
431,K-19-13,18.6,81.0,1
432,K-20-11,21.8,86.8,1
433,K-20-12,20.2,86.8,1
434,K-20-13,18.6,86.8,1
435,K-21-11,16.8,81.0,1
436,K-21-12,15.2,81.0,1
437,K-21-13,13.6,81.0,1
438,K-22-11,16.8,86.8,1
439,K-22-12,15.2,86.8,1
440,K-22-13,13.6,86.8,1
441,K-23-11,11.8,81.0,1
442,K-23-12,10.2,81.0,1
443,K-23-13,8.6,81.0,1
444,K-24-11,11.8,86.8,1
445,K-24-12,10.2,86.8,1
446,K-24-13,8.6,86.8,1
447,L-01-11,66.6,99.0,1
448,L-01-12,65.0,99.0,1
449,L-01-13,63.4,99.0,1
450,L-02-11,66.6,104.8,1
451,L-02-12,65.0,104.8,1
452,L-02-13,63.4,104.8,1
453,L-03-11,61.6,99.0,1
454,L-03-12,60.0,99.0,1
455,L-03-13,58.4,99.0,1
456,L-04-11,61.6,104.8,1
457,L-04-12,60.0,104.8,1
458,L-04-13,58.4,104.8,1
459,L-05-11,56.6,99.0,1
460,L-05-12,55.0,99.0,1
461,L-05-13,53.4,99.0,1
462,L-06-11,56.6,104.8,1
463,L-06-12,55.0,104.8,1
464,L-06-13,53.4,104.8,1
465,L-07-11,51.6,99.0,1
466,L-07-12,50.0,99.0,1
467,L-07-13,48.4,99.0,1
468,L-08-11,51.6,104.8,1
469,L-08-12,50.0,104.8,1
470,L-08-13,48.4,104.8,1
471,L-09-11,46.6,99.0,1
472,L-09-12,45.0,99.0,1
473,L-09-13,43.4,99.0,1
474,L-10-11,46.6,104.8,1
475,L-10-12,45.0,104.8,1
476,L-10-13,43.4,104.8,1
477,L-13-11,36.8,90.0,1
478,L-13-12,35.2,90.0,1
479,L-13-13,33.6,90.0,1
480,L-14-11,36.8,95.8,1
481,L-14-12,35.2,95.8,1
482,L-14-13,33.6,95.8,1
483,L-15-11,31.8,90.0,1
484,L-15-12,30.2,90.0,1
485,L-15-13,28.6,90.0,1
486,L-16-11,31.8,95.8,1
487,L-16-12,30.2,95.8,1
488,L-16-13,28.6,95.8,1
489,L-17-11,26.8,90.0,1
490,L-17-12,25.2,90.0,1
491,L-17-13,23.6,90.0,1
492,L-18-11,26.8,95.8,1
493,L-18-12,25.2,95.8,1
494,L-18-13,23.6,95.8,1
495,L-19-11,21.8,90.0,1
496,L-19-12,20.2,90.0,1
497,L-19-13,18.6,90.0,1
498,L-20-11,21.8,95.8,1
499,L-20-12,20.2,95.8,1
500,L-20-13,18.6,95.8,1
501,L-21-11,16.8,90.0,1
502,L-21-12,15.2,90.0,1
503,L-21-13,13.6,90.0,1
504,L-22-11,16.8,95.8,1
505,L-22-12,15.2,95.8,1
506,L-22-13,13.6,95.8,1
507,L-23-11,11.8,90.0,1
508,L-23-12,10.2,90.0,1
509,L-23-13,8.6,90.0,1
510,L-24-11,11.8,95.8,1
511,L-24-12,10.2,95.8,1
512,L-24-13,8.6,95.8,1
513,M-01-11,66.6,108.0,1
514,M-01-12,65.0,108.0,1
515,M-01-13,63.4,108.0,1
516,M-02-11,66.6,113.8,1
517,M-02-12,65.0,113.8,1
518,M-02-13,63.4,113.8,1
519,M-03-11,61.6,108.0,1
520,M-03-12,60.0,108.0,1
521,M-03-13,58.4,108.0,1
522,M-04-11,61.6,113.8,1
523,M-04-12,60.0,113.8,1
524,M-04-13,58.4,113.8,1
525,M-05-11,56.6,108.0,1
526,M-05-12,55.0,108.0,1
527,M-05-13,53.4,108.0,1
528,M-06-11,56.6,113.8,1
529,M-06-12,55.0,113.8,1
530,M-06-13,53.4,113.8,1
531,M-07-11,51.6,108.0,1
532,M-07-12,50.0,108.0,1
533,M-07-13,48.4,108.0,1
534,M-08-11,51.6,113.8,1
535,M-08-12,50.0,113.8,1
536,M-08-13,48.4,113.8,1
537,M-09-11,46.6,108.0,1
538,M-09-12,45.0,108.0,1
539,M-09-13,43.4,108.0,1
540,M-10-11,46.6,113.8,1
541,M-10-12,45.0,113.8,1
542,M-10-13,43.4,113.8,1
543,M-13-11,36.8,99.0,1
544,M-13-12,35.2,99.0,1
545,M-13-13,33.6,99.0,1
546,M-14-11,36.8,104.8,1
547,M-14-12,35.2,104.8,1
548,M-14-13,33.6,104.8,1
549,M-15-11,31.8,99.0,1
550,M-15-12,30.2,99.0,1
551,M-15-13,28.6,99.0,1
552,M-16-11,31.8,104.8,1
553,M-16-12,30.2,104.8,1
554,M-16-13,28.6,104.8,1
555,M-17-11,26.8,99.0,1
556,M-17-12,25.2,99.0,1
557,M-17-13,23.6,99.0,1
558,M-18-11,26.8,104.8,1
559,M-18-12,25.2,104.8,1
560,M-18-13,23.6,104.8,1
561,M-19-11,21.8,99.0,1
562,M-19-12,20.2,99.0,1
563,M-19-13,18.6,99.0,1
564,M-20-11,21.8,104.8,1
565,M-20-12,20.2,104.8,1
566,M-20-13,18.6,104.8,1
567,M-21-11,16.8,99.0,1
568,M-21-12,15.2,99.0,1
569,M-21-13,13.6,99.0,1
570,M-22-11,16.8,104.8,1
571,M-22-12,15.2,104.8,1
572,M-22-13,13.6,104.8,1
573,M-23-11,11.8,99.0,1
574,M-23-12,10.2,99.0,1
575,M-23-13,8.6,99.0,1
576,M-24-11,11.8,104.8,1
577,M-24-12,10.2,104.8,1
578,M-24-13,8.6,104.8,1
579,N-01-11,66.6,117.0,1
580,N-01-12,65.0,117.0,1
581,N-01-13,63.4,117.0,1
582,N-02-11,66.6,122.8,1
583,N-02-12,65.0,122.8,1
584,N-02-13,63.4,122.8,1
585,N-03-11,61.6,117.0,1
586,N-03-12,60.0,117.0,1
587,N-03-13,58.4,117.0,1
588,N-04-11,61.6,122.8,1
589,N-04-12,60.0,122.8,1
590,N-04-13,58.4,122.8,1
591,N-05-11,56.6,117.0,1
592,N-05-12,55.0,117.0,1
593,N-05-13,53.4,117.0,1
594,N-06-11,56.6,122.8,1
595,N-06-12,55.0,122.8,1
596,N-06-13,53.4,122.8,1
597,N-07-11,51.6,117.0,1
598,N-07-12,50.0,117.0,1
599,N-07-13,48.4,117.0,1
600,N-08-11,51.6,122.8,1
601,N-08-12,50.0,122.8,1
602,N-08-13,48.4,122.8,1
603,N-09-11,46.6,117.0,1
604,N-09-12,45.0,117.0,1
605,N-09-13,43.4,117.0,1
606,N-10-11,46.6,122.8,1
607,N-10-12,45.0,122.8,1
608,N-10-13,43.4,122.8,1
609,N-13-11,36.8,108.0,1
610,N-13-12,35.2,108.0,1
611,N-13-13,33.6,108.0,1
612,N-14-11,36.8,113.8,1
613,N-14-12,35.2,113.8,1
614,N-14-13,33.6,113.8,1
615,N-15-11,31.8,108.0,1
616,N-15-12,30.2,108.0,1
617,N-15-13,28.6,108.0,1
618,N-16-11,31.8,113.8,1
619,N-16-12,30.2,113.8,1
620,N-16-13,28.6,113.8,1
621,N-17-11,26.8,108.0,1
622,N-17-12,25.2,108.0,1
623,N-17-13,23.6,108.0,1
624,N-18-11,26.8,113.8,1
625,N-18-12,25.2,113.8,1
626,N-18-13,23.6,113.8,1
627,N-19-11,21.8,108.0,1
628,N-19-12,20.2,108.0,1
629,N-19-13,18.6,108.0,1
630,N-20-11,21.8,113.8,1
631,N-20-12,20.2,113.8,1
632,N-20-13,18.6,113.8,1
633,N-21-11,16.8,108.0,1
634,N-21-12,15.2,108.0,1
635,N-21-13,13.6,108.0,1
636,N-22-11,16.8,113.8,1
637,N-22-12,15.2,113.8,1
638,N-22-13,13.6,113.8,1
639,N-23-11,11.8,108.0,1
640,N-23-12,10.2,108.0,1
641,N-23-13,8.6,108.0,1
642,N-24-11,11.8,113.8,1
643,N-24-12,10.2,113.8,1
644,N-24-13,8.6,113.8,1
645,O-01-11,66.6,126.0,1
646,O-01-12,65.0,126.0,1
647,O-01-13,63.4,126.0,1
648,O-02-11,66.6,131.8,1
649,O-02-12,65.0,131.8,1
650,O-02-13,63.4,131.8,1
651,O-03-11,61.6,126.0,1
652,O-03-12,60.0,126.0,1
653,O-03-13,58.4,126.0,1
654,O-04-11,61.6,131.8,1
655,O-04-12,60.0,131.8,1
656,O-04-13,58.4,131.8,1
657,O-05-11,56.6,126.0,1
658,O-05-12,55.0,126.0,1
659,O-05-13,53.4,126.0,1
660,O-06-11,56.6,131.8,1
661,O-06-12,55.0,131.8,1
662,O-06-13,53.4,131.8,1
663,O-07-11,51.6,126.0,1
664,O-07-12,50.0,126.0,1
665,O-07-13,48.4,126.0,1
666,O-08-11,51.6,131.8,1
667,O-08-12,50.0,131.8,1
668,O-08-13,48.4,131.8,1
669,O-09-11,46.6,126.0,1
670,O-09-12,45.0,126.0,1
671,O-09-13,43.4,126.0,1
672,O-10-11,46.6,131.8,1
673,O-10-12,45.0,131.8,1
674,O-10-13,43.4,131.8,1
675,O-13-11,36.8,117.0,1
676,O-13-12,35.2,117.0,1
677,O-13-13,33.6,117.0,1
678,O-14-11,36.8,122.8,1
679,O-14-12,35.2,122.8,1
680,O-14-13,33.6,122.8,1
681,O-15-11,31.8,117.0,1
682,O-15-12,30.2,117.0,1
683,O-15-13,28.6,117.0,1
684,O-16-11,31.8,122.8,1
685,O-16-12,30.2,122.8,1
686,O-16-13,28.6,122.8,1
687,O-17-11,26.8,117.0,1
688,O-17-12,25.2,117.0,1
689,O-17-13,23.6,117.0,1
690,O-18-11,26.8,122.8,1
691,O-18-12,25.2,122.8,1
692,O-18-13,23.6,122.8,1
693,O-19-11,21.8,117.0,1
694,O-19-12,20.2,117.0,1
695,O-19-13,18.6,117.0,1
696,O-20-11,21.8,122.8,1
697,O-20-12,20.2,122.8,1
698,O-20-13,18.6,122.8,1
699,O-21-11,16.8,117.0,1
700,O-21-12,15.2,117.0,1
701,O-21-13,13.6,117.0,1
702,O-22-11,16.8,122.8,1
703,O-22-12,15.2,122.8,1
704,O-22-13,13.6,122.8,1
705,O-23-11,11.8,117.0,1
706,O-23-12,10.2,117.0,1
707,O-23-13,8.6,117.0,1
708,O-24-11,11.8,122.8,1
709,O-24-12,10.2,122.8,1
710,O-24-13,8.6,122.8,1
711,P-01-11,66.6,135.0,1
712,P-01-12,65.0,135.0,1
713,P-01-13,63.4,135.0,1
714,P-02-11,66.6,140.8,1
715,P-02-12,65.0,140.8,1
716,P-02-13,63.4,140.8,1
717,P-03-11,61.6,135.0,1
718,P-03-12,60.0,135.0,1
719,P-03-13,58.4,135.0,1
720,P-04-11,61.6,140.8,1
721,P-04-12,60.0,140.8,1
722,P-04-13,58.4,140.8,1
723,P-05-11,56.6,135.0,1
724,P-05-12,55.0,135.0,1
725,P-05-13,53.4,135.0,1
726,P-06-11,56.6,140.8,1
727,P-06-12,55.0,140.8,1
728,P-06-13,53.4,140.8,1
729,P-07-11,51.6,135.0,1
730,P-07-12,50.0,135.0,1
731,P-07-13,48.4,135.0,1
732,P-08-11,51.6,140.8,1
733,P-08-12,50.0,140.8,1
734,P-08-13,48.4,140.8,1
735,P-09-11,46.6,135.0,1
736,P-09-12,45.0,135.0,1
737,P-09-13,43.4,135.0,1
738,P-10-11,46.6,140.8,1
739,P-10-12,45.0,140.8,1
740,P-10-13,43.4,140.8,1
741,P-13-11,36.8,126.0,1
742,P-13-12,35.2,126.0,1
743,P-13-13,33.6,126.0,1
744,P-14-11,36.8,131.8,1
745,P-14-12,35.2,131.8,1
746,P-14-13,33.6,131.8,1
747,P-15-11,31.8,126.0,1
748,P-15-12,30.2,126.0,1
749,P-15-13,28.6,126.0,1
750,P-16-11,31.8,131.8,1
751,P-16-12,30.2,131.8,1
752,P-16-13,28.6,131.8,1
753,P-17-11,26.8,126.0,1
754,P-17-12,25.2,126.0,1
755,P-17-13,23.6,126.0,1
756,P-18-11,26.8,131.8,1
757,P-18-12,25.2,131.8,1
758,P-18-13,23.6,131.8,1
759,P-19-11,21.8,126.0,1
760,P-19-12,20.2,126.0,1
761,P-19-13,18.6,126.0,1
762,P-20-11,21.8,131.8,1
763,P-20-12,20.2,131.8,1
764,P-20-13,18.6,131.8,1
765,P-21-11,16.8,126.0,1
766,P-21-12,15.2,126.0,1
767,P-21-13,13.6,126.0,1
768,P-22-11,16.8,131.8,1
769,P-22-12,15.2,131.8,1
770,P-22-13,13.6,131.8,1
771,P-23-11,11.8,126.0,1
772,P-23-12,10.2,126.0,1
773,P-23-13,8.6,126.0,1
774,P-24-11,11.8,131.8,1
775,P-24-12,10.2,131.8,1
776,P-24-13,8.6,131.8,1
777,Q-01-11,66.6,144.0,1
778,Q-01-12,65.0,144.0,1
779,Q-01-13,63.4,144.0,1
780,Q-03-11,61.6,144.0,1
781,Q-03-12,60.0,144.0,1
782,Q-03-13,58.4,144.0,1
783,Q-05-11,56.6,144.0,1
784,Q-05-12,55.0,144.0,1
785,Q-05-13,53.4,144.0,1
786,Q-07-11,51.6,144.0,1
787,Q-07-12,50.0,144.0,1
788,Q-07-13,48.4,144.0,1
789,Q-09-11,46.6,144.0,1
790,Q-09-12,45.0,144.0,1
791,Q-09-13,43.4,144.0,1
792,Q-13-11,36.8,135.0,1
793,Q-13-12,35.2,135.0,1
794,Q-13-13,33.6,135.0,1
795,Q-14-11,36.8,140.8,1
796,Q-14-12,35.2,140.8,1
797,Q-14-13,33.6,140.8,1
798,Q-15-11,31.8,135.0,1
799,Q-15-12,30.2,135.0,1
800,Q-15-13,28.6,135.0,1
801,Q-16-11,31.8,140.8,1
802,Q-16-12,30.2,140.8,1
803,Q-16-13,28.6,140.8,1
804,Q-17-11,26.8,135.0,1
805,Q-17-12,25.2,135.0,1
806,Q-17-13,23.6,135.0,1
807,Q-18-11,26.8,140.8,1
808,Q-18-12,25.2,140.8,1
809,Q-18-13,23.6,140.8,1
810,Q-19-11,21.8,135.0,1
811,Q-19-12,20.2,135.0,1
812,Q-19-13,18.6,135.0,1
813,Q-20-11,21.8,140.8,1
814,Q-20-12,20.2,140.8,1
815,Q-20-13,18.6,140.8,1
816,Q-21-11,16.8,135.0,1
817,Q-21-12,15.2,135.0,1
818,Q-21-13,13.6,135.0,1
819,Q-22-11,16.8,140.8,1
820,Q-22-12,15.2,140.8,1
821,Q-22-13,13.6,140.8,1
822,Q-23-11,11.8,135.0,1
823,Q-23-12,10.2,135.0,1
824,Q-23-13,8.6,135.0,1
825,Q-24-11,11.8,140.8,1
826,Q-24-12,10.2,140.8,1
827,Q-24-13,8.6,140.8,1
828,R-13-11,36.8,144.0,1
829,R-13-12,35.2,144.0,1
830,R-13-13,33.6,144.0,1
831,R-15-11,31.8,144.0,1
832,R-15-12,30.2,144.0,1
833,R-15-13,28.6,144.0,1
834,R-17-11,26.8,144.0,1
835,R-17-12,25.2,144.0,1
836,R-17-13,23.6,144.0,1
837,R-19-11,21.8,144.0,1
838,R-19-12,20.2,144.0,1
839,R-19-13,18.6,144.0,1
840,R-21-11,16.8,144.0,1
841,R-21-12,15.2,144.0,1
842,R-21-13,13.6,144.0,1
843,R-23-11,11.8,144.0,1
844,R-23-12,10.2,144.0,1
845,R-23-13,8.6,144.0,1
